type,title,first_name,middle_name,last_name,login,date_of_birth,place_of_birth,email,email_type,item_name,phone_number,address,country,state,city,zip,address_recipient,address_building,address_apartment,address_floor,address_door_code,job_title,url
name,MR,Mock,J,User,mock-user,2023-01-30,Mock City,,,,,,,,,,,,,,,,
email,,,,,,,,mock@example.com,personal,Mock Email,,,,,,,,,,,,,
number,,,,,,,,,,Mock phone number,+11234567890,,,,,,,,,,,,
address,,,,,,,,,,Mock Address,,123 Mock road,us,,Mock City,,,,,,,,
company,,,,,,,,,,Mock company,,,,,,,,,,,,Mock job title,
website,,,,,,,,,,Mock Website,,,,,,,,,,,,,https://example.com