{"encrypted":false,"userId":"0urlJJ4PqBgTyx16sPrtmnAX2jTHYEPgaSDtJjMZMQXT9qBHOU9KVxt1ZtbsY9U7ZxISqRa31JFjO0gsvQJ1aA==","vaults":{"AYX5BG78R94Oe7HEUSsXEOm-GS-Wbl255fyPhRJ_DNqKP136-2hZZpGvoCO7z5_y1VDy9Acrf9uwPKCa9jHZhg==":{"name":"Personal","description":"Personal vault","display":{"color":0,"icon":0},"items":[{"itemId":"LsgIbjXISN5gqHUufiv-wte2PC5FmXHqpo0jGfODETXyY4TNTB8Zeipzr3N1nKizg-D98lVqtrEJuJpxyTba0w==","shareId":"AYX5BG78R94Oe7HEUSsXEOm-GS-Wbl255fyPhRJ_DNqKP136-2hZZpGvoCO7z5_y1VDy9Acrf9uwPKCa9jHZhg==","data":{"metadata":{"name":"Test Login","note":"","itemUuid":"584946f1"},"extraFields":[],"type":"login","content":{"itemEmail":"test@example.com","password":"Ranked5-Relock7-Chip4-Dominoes2-Lustiness0","urls":["https://example.com/"],"totpUri":"","passkeys":[],"itemUsername":""}},"state":1,"aliasEmail":null,"contentFormatVersion":6,"createTime":1723970793,"modifyTime":1723970793,"pinned":false},{"itemId":"nVrk5VGDGopQZyudf8cv0SjbYDodr5eEKoL3iZJyFnm733r9pdhIx2Dr-1Rr1hkysfRxShlpW-tJgPpSgJUeQw==","shareId":"AYX5BG78R94Oe7HEUSsXEOm-GS-Wbl255fyPhRJ_DNqKP136-2hZZpGvoCO7z5_y1VDy9Acrf9uwPKCa9jHZhg==","data":{"metadata":{"name":"Example Note","note":"This is a test note.","itemUuid":"9736c511"},"extraFields":[],"type":"note","content":{}},"state":1,"aliasEmail":null,"contentFormatVersion":6,"createTime":1723970855,"modifyTime":1723970855,"pinned":false},{"itemId":"lpl64a4DTIgi0JBfMnQ_SZ3ZSBTzxnyRYtklduKjJNwgC3ypybhVxYhYdf6-lpzhL3kDtXe40GZgmfR_ehbPHw==","shareId":"AYX5BG78R94Oe7HEUSsXEOm-GS-Wbl255fyPhRJ_DNqKP136-2hZZpGvoCO7z5_y1VDy9Acrf9uwPKCa9jHZhg==","data":{"metadata":{"name":"Example Card","note":"Note for the card secret.","itemUuid":"df7d1f21"},"extraFields":[],"type":"creditCard","content":{"cardholderName":"Jane Doe","cardType":0,"number":"1234123412341234","verificationNumber":"123","expirationDate":"2012-12","pin":"1234"}},"state":1,"aliasEmail":null,"contentFormatVersion":6,"createTime":1723970895,"modifyTime":1723970895,"pinned":false},{"itemId":"bwoNFviM_US75vBW58K52KuK-WkhNgNz4VFQbNNBkOdysIqn7k1L_BYZllMbzIY5rFFxEX0FpQFjRK8hlHYFJg==","shareId":"AYX5BG78R94Oe7HEUSsXEOm-GS-Wbl255fyPhRJ_DNqKP136-2hZZpGvoCO7z5_y1VDy9Acrf9uwPKCa9jHZhg==","data":{"metadata":{"name":"Example Identity","note":"","itemUuid":"53ac5384"},"extraFields":[],"type":"identity","content":{"fullName":"Jane Doe","email":"jane@example.com","phoneNumber":"001123456789","firstName":"","middleName":"","lastName":"","birthdate":"","gender":"","extraPersonalDetails":[],"organization":"Acme","streetAddress":"123 Main Street","zipOrPostalCode":"1234","city":"London","stateOrProvince":"London","countryOrRegion":"UK","floor":"","county":"","extraAddressDetails":[],"socialSecurityNumber":"","passportNumber":"","licenseNumber":"","website":"","xHandle":"","secondPhoneNumber":"","linkedin":"","reddit":"","facebook":"","yahoo":"","instagram":"","extraContactDetails":[],"company":"","jobTitle":"","personalWebsite":"","workPhoneNumber":"","workEmail":"","extraWorkDetails":[],"extraSections":[]}},"state":1,"aliasEmail":null,"contentFormatVersion":6,"createTime":1723970974,"modifyTime":1723970974,"pinned":false}]}},"version":"1.21.2"}